Bag Number,Name,Age,Race,Gender,County,Wish1 Description,Wish2 Description,Shirt/Top Size,Pants/Jeans Size,Coat Size,Shoe Size,Notes,Family
4924,CHRISTIAN S,12,Not Specified,M,ADAIR (1),STUFFED ANIMAL (DOGS),ANIMAL BOOKS/SUPERHERO ACTION FIGURES,M/LG,M,M,6,CHILD FUNCTIONS AS 3-4 YEAR OLD LEVEL & IS DEAF,Khorajia Family
5199,ALEN F,10,Not Specified,M,ADAIR (1),LEGOS,POKEMON,14,14,14,6,,Ramani Family
5201,DARRELL F,9,Not Specified,M,ADAIR (1),LEGOS,HOT WHEELS,12,12,14-Dec,6,,Shah Family
1931,RANDALL B,11,CAUCASIAN,M,ADAIR (1),SKATEBOARD,SPACE SCIENCE-NASA/DALLAS COWBOYS SPORTS,M,32 X 34 M,LG,9,,Makwana Family
1932,AUTUMN P,9,CAUCASIAN,F,ADAIR (1),BARBIE CAR,SHOPKINS/LEGOS,8,8,,1,,Patel Family
,,,,,,,,,,,,,
